{
  "light": {
    "--background": "#ffffff",
    "--primary-color": "#353535",
    "--navbar-width": "256px",
    "--navbar-width-min": "70px",
    "--navbar-dark-primary": "#193a59",
    "--navbar-dark-secondary": "#5782a5",
    "--navbar-light-primary": "#d0d3da",
    "--navbar-light-secondary": "#8ac1d9",
    "--navbar-hover-secondary": "#1a74a3",
    "--dropdown-selected-bcg-color": "#61a4bf",
    "--dropdown-selected-color": "#fff",
    "--primary-button-background-color": "#1a74a3",
    "--primary-button-color": "#fff",
    "--secondary-button-background-color": "#1a74a3",
    "--secondary-button-color": "#fff",
    "--table-row-bcg-color": "#c0e7ff4f",
    "--table-row-border-color": "#c0e7ff4f",
    "--checkbox-checked-bcg-color": "#5f8a34",
    "--checkbox-checked-color": "#fff",
    "--filter-container-background": "#ececec",
    "--filter-container-color": "#353535",
    "--filter-input-field-background": "#f0f0f0",
    "--filter-input-field-color": "#353535",
    "--filter-field-dropdown-background": "#c4c2c2",
    "--filter-field-dropdown-color": "#353535",
    "--modal-background": "#ffffff",
    "--modal-color": "#353535",
    "--modal-input-field-background": "#f4f4f4",
    "--modal-input-field-border-color": "#dfdfdf",
    "--modal-input-field-color": "black"
  },
  "dark": {
    "--background": "#121212",
    "--primary-color": "#8a8a8a",
    "--navbar-width": "256px",
    "--navbar-width-min": "70px",
    "--navbar-dark-primary": "#193a59",
    "--navbar-dark-secondary": "#5782a5",
    "--navbar-light-primary": "#d0d3da",
    "--navbar-light-secondary": "#8ac1d9",
    "--navbar-hover-secondary": "#1a74a3",
    "--dropdown-selected-bcg-color": "#444444",
    "--dropdown-selected-color": "#fff",
    "--primary-button-background-color": "#1d4559",
    "--primary-button-color": "#fff",
    "--secondary-button-background-color": "#1a74a3",
    "--secondary-button-color": "#fff",
    "--table-row-bcg-color": "#3e3e3e4f",
    "--table-row-border-color": "#4d4d4d4f",
    "--checkbox-checked-bcg-color": "#5f8a34",
    "--checkbox-checked-color": "#fff",
    "--filter-container-background": "#262626",
    "--filter-container-color": "#8a8a8a",
    "--filter-input-field-background": "#171717",
    "--filter-input-field-color": "#bbb8b8",
    "--filter-field-dropdown-background": "#797979",
    "--filter-field-dropdown-color": "#121212",
    "--modal-background": "#121212",
    "--modal-color": "#b7b7b7",
    "--modal-input-field-background": "#090707",
    "--modal-input-field-border-color": "#242424",
    "--modal-input-field-color": "#bbb"
  }
}
